word,level
abase,advanced
refer,beginner
superb,beginner
peevish,advanced
henchman,advanced
telephony,advanced
upheaval,intermediate
arborescent,advanced
simile,advanced
progeny,advanced
compliment,beginner
picayune,advanced
irreverent,advanced
belie,advanced
clarify,beginner
derision,advanced
militarism,advanced
succinct,advanced
buoyancy,advanced
munificence,advanced
unnecessary,beginner
decimal,intermediate
butt,beginner
deteriorate,intermediate
conspirator,advanced
salutary,advanced
intramural,advanced
indiscriminate,advanced
sumptuous,advanced
brevity,advanced
disfigure,advanced
affix,advanced
seismograph,advanced
excavate,advanced
archangel,advanced
mettle,advanced
patter,advanced
despotism,advanced
masterpiece,beginner
invert,advanced
obese,intermediate
lexicon,intermediate
triad,intermediate
hernia,advanced
floe,advanced
propaganda,beginner
enervate,advanced
perennial,intermediate
arrear,advanced
autumnal,advanced
sacrificial,advanced
reprehension,advanced
knead,advanced
sediment,intermediate
sear,advanced
practicable,advanced
mendicant,advanced
mismanage,advanced
akin,intermediate
despondent,advanced
probate,intermediate
amalgam,advanced
subaquatic,advanced
bigamy,advanced
liturgy,intermediate
exemplify,advanced
freethinker,advanced
genteel,advanced
absorption,intermediate
impassive,advanced
folio,intermediate
ridiculous,beginner
sibilate,advanced
potent,beginner
hydrous,advanced
presentient,advanced
reimburse,advanced
resonance,intermediate
bedlam,advanced
laborious,advanced
Americanism,advanced
melodious,advanced
inert,intermediate
proscription,advanced
cosmopolitan,intermediate
broadcast,beginner
kind-hearted,beginner
specie,advanced
prescience,advanced
enthuse,advanced
leniency,advanced
bowler,intermediate
convolution,advanced
reckless,beginner
nuptial,advanced
obstruction,intermediate
lapse,intermediate
wantonness,advanced
pyromania,advanced
grievous,intermediate
underexposed,advanced
glacial,intermediate
cornice,advanced
apparent,beginner
clandestine,intermediate
incompetent,intermediate
probation,beginner
intercede,advanced
hydroelectric,intermediate
diffident,advanced
fumigate,advanced
infrequence,advanced
microphone,beginner
gladden,advanced
prevaricate,advanced
opportunist,advanced
doubly,intermediate
neophyte,advanced
conduce,advanced
impotent,advanced
testimonial,advanced
flippant,advanced
illegal,beginner
irreversible,intermediate
actuality,intermediate
reproduction,beginner
pervasive,intermediate
dragnet,advanced
dead-heat,beginner
carcass,intermediate
penultimate,intermediate
acetate,intermediate
robust,beginner
chiffon,advanced
statics,advanced
ostracism,advanced
fidelity,intermediate
misty,intermediate
polyglot,advanced
technic,advanced
annalist,advanced
ominous,intermediate
gaiety,advanced
perturbation,advanced
criterion,intermediate
entail,intermediate
medial,intermediate
continuous,beginner
frankincense,advanced
subtend,advanced
controller,beginner
foreground,intermediate
pretext,intermediate
toilsome,advanced
emulate,intermediate
preestablish,advanced
virile,advanced
filibuster,advanced
amour,advanced
stupendous,advanced
memento,advanced
spinous,advanced
mutilate,advanced
irrepressible,advanced
claimant,intermediate
disconnect,intermediate
perceptible,advanced
derivation,advanced
complacent,intermediate
distill,advanced
possessor,advanced
fancier,advanced
hillock,advanced
mystification,advanced
commemorate,intermediate
outrage,beginner
optician,advanced
heterogeneity,advanced
extremity,advanced
unutterable,advanced
fraternal,advanced
usury,advanced
redoubtable,advanced
aggravate,advanced
Quixotic,advanced
vivacity,advanced
hazard,beginner
gosling,advanced
deciduous,advanced
incoherent,intermediate
complacence,advanced
optometry,advanced
facsimile,advanced
fallow,advanced
deceit,intermediate
quackery,advanced
convolve,advanced
verdant,advanced
nausea,intermediate
discord,intermediate
myth,beginner
witless,advanced
personal,beginner
consonance,advanced
handwriting,intermediate
levity,advanced
explicit,beginner
submerge,advanced
death's-head,advanced
differentia,advanced
globular,advanced
persistence,intermediate
consanguineous,advanced
encroach,advanced
rue,intermediate
lacteal,advanced
albino,advanced
protrude,advanced
troublesome,intermediate
non-resident,beginner
literature,beginner
capitulate,advanced
reformer,intermediate
functionary,advanced
distemper,advanced
mastery,intermediate
frizz,advanced
pantomime,advanced
postdate,advanced
perturb,advanced
amateur,beginner
acquaint,advanced
foist,advanced
pneumatic,intermediate
perfidy,advanced
commotion,intermediate
exhilarate,advanced
breaker,intermediate
extemporaneous,advanced
conjoin,advanced
assonance,advanced
impromptu,intermediate
redemption,beginner
Iliad,advanced
medley,intermediate
singe,advanced
aperture,intermediate
denizen,advanced
non-existent,intermediate
exodus,intermediate
solecism,advanced
generic,beginner
livelihood,intermediate
carrion,advanced
implicate,advanced
unbecoming,advanced
kernel,intermediate
inscribe,advanced
fragile,beginner
topography,intermediate
indignity,advanced
adherence,intermediate
incoercible,advanced
gastric,intermediate
salient,intermediate
repine,advanced
arbor,intermediate
domination,intermediate
specialty,beginner
physiography,advanced
caprice,advanced
sufferance,advanced
Scriptural,advanced
reservoir,beginner
characterize,intermediate
buffoon,advanced
academic,beginner
peccant,advanced
alliance,beginner
sacrilege,advanced
anthology,intermediate
intangible,intermediate
symphonic,advanced
militia,beginner
conscience,beginner
corrode,advanced
monopoly,beginner
ingenious,intermediate
ferocity,advanced
prattle,advanced
egregious,intermediate
malign,advanced
wearisome,advanced
encore,intermediate
equalize,advanced
reprehend,advanced
migrate,intermediate
cynosure,advanced
alder,advanced
neuter,advanced
confectionery,advanced
ambidextrous,advanced
logical,beginner
lea,intermediate
pedestal,intermediate
reflector,advanced
faction,beginner
epidemic,beginner
wherewith,advanced
inchmeal,advanced
surmise,advanced
evolve,beginner
dissuasion,advanced
abduction,intermediate
annotate,advanced
waistcoat,advanced
nestle,advanced
repute,advanced
accommodate,beginner
rotate,intermediate
instill,advanced
stallion,intermediate
explosion,beginner
impassible,advanced
consumptive,advanced
prodigy,intermediate
adulterate,advanced
disrobe,advanced
economize,advanced
perusal,advanced
belay,advanced
operate,beginner
cipher,intermediate
deceive,intermediate
verbiage,advanced
peerless,advanced
inventive,intermediate
payee,advanced
reproof,advanced
fortitude,intermediate
irrigant,advanced
perverse,intermediate
assassination,beginner
abdominal,intermediate
eject,advanced
luminary,advanced
regicide,advanced
phonetic,advanced
promontory,advanced
ripplet,advanced
sluggard,advanced
forfend,advanced
expect,beginner
feint,advanced
mandatory,beginner
obstruct,intermediate
simplify,intermediate
torpor,advanced
extensor,advanced
tyranny,intermediate
felicitate,advanced
illuminate,intermediate
virtuoso,advanced
disconsolate,advanced
judiciary,beginner
cohesive,intermediate
miscount,advanced
grindstone,advanced
disrepute,advanced
nationality,beginner
pedestrian,beginner
presage,advanced
involuntary,intermediate
exaggerate,intermediate
nectarine,advanced
sinus,intermediate
begrudge,advanced
subterranean,intermediate
amicable,advanced
outrigger,advanced
bestride,advanced
dimly,advanced
protuberant,advanced
demolish,intermediate
immense,beginner
efficient,beginner
absent-minded,beginner
negligence,intermediate
declarative,advanced
contemptible,advanced
contemporaneous,advanced
incandescence,advanced
occupant,intermediate
doe,beginner
reprisal,advanced
disown,advanced
craving,intermediate
tutelar,advanced
pommel,advanced
decorous,advanced
vendition,advanced
magnitude,beginner
admonish,advanced
witchcraft,intermediate
dominate,beginner
austere,advanced
congregate,advanced
bosom,advanced
impregnate,advanced
futurist,advanced
magnetize,advanced
dolorous,advanced
pervious,advanced
prejudice,beginner
deficient,intermediate
equivocate,advanced
bustle,advanced
portend,advanced
forgo,advanced
Occident,advanced
extricate,advanced
impunity,intermediate
vegetal,advanced
successful,beginner
urchin,advanced
isobar,advanced
humbug,advanced
philanthropic,intermediate
convulse,advanced
irrational,intermediate
lawgiver,advanced
interpose,advanced
imply,beginner
assailant,intermediate
pectoral,advanced
ally,beginner
auspice,advanced
aggrieve,advanced
halcyon,advanced
importunate,advanced
vaudeville,advanced
Neolithic,advanced
possession,beginner
glutinous,advanced
pellucid,advanced
enormous,beginner
nuance,intermediate
caste,intermediate
univalence,advanced
concord,intermediate
utmost,intermediate
delusion,intermediate
cede,advanced
edict,intermediate
submergence,advanced
semiconscious,advanced
finally,beginner
irreligious,advanced
macrocosm,advanced
abrade,advanced
protocol,beginner
obtrude,advanced
satiate,advanced
digress,advanced
inconsequential,advanced
leisure,beginner
mishap,advanced
effusion,advanced
myriad,intermediate
chasm,advanced
premise,beginner
midsummer,intermediate
illusion,beginner
divagation,advanced
compression,beginner
foreclose,advanced
outbreak,beginner
butte,intermediate
reflection,beginner
adieu,advanced
discrepant,advanced
appellation,advanced
brandish,advanced
foresight,intermediate
baffle,advanced
recurrent,intermediate
intrigue,intermediate
candid,intermediate
herbivorous,advanced
oddity,advanced
interlude,intermediate
munificent,advanced
irony,beginner
petrify,advanced
reconstruct,intermediate
depress,advanced
lenient,intermediate
inquisition,intermediate
course,beginner
arcade,beginner
premonition,advanced
contagion,advanced
souvenir,intermediate
agitate,advanced
elicit,intermediate
maze,intermediate
induct,advanced
penitential,advanced
athwart,advanced
invective,advanced
nucleus,intermediate
comprehensive,beginner
sense,beginner
check,beginner
epigram,advanced
inspector,beginner
vincible,advanced
premature,intermediate
consign,advanced
destitute,advanced
mantel,advanced
pincers,advanced
infuse,advanced
diaphanous,advanced
depositor,advanced
urgency,intermediate
optic,intermediate
up-keep,beginner
renunciation,advanced
commentary,beginner
demerit,advanced
imitator,advanced
hydra,intermediate
devilry,advanced
thesis,beginner
hexapod,advanced
pamphleteer,advanced
ocular,advanced
maudlin,advanced
graceless,advanced
prate,advanced
racy,advanced
perspective,beginner
discolor,advanced
flux,intermediate
enshrine,advanced
glimpse,beginner
beseech,advanced
prevention,beginner
ration,intermediate
repulse,advanced
recluse,advanced
derivative,intermediate
salutation,advanced
visualize,intermediate
licit,advanced
senile,advanced
octogenarian,advanced
intelligence,beginner
ceremonious,advanced
heptagon,advanced
aura,intermediate
atomizer,advanced
forcible,advanced
entirety,intermediate
aviary,advanced
misunderstand,intermediate
conciliate,advanced
relish,intermediate
rudimentary,intermediate
decaliter,advanced
alluvion,advanced
interminable,advanced
undeceive,advanced
exhume,advanced
minimize,beginner
confluent,advanced
pediatrics,intermediate
bomb,beginner
psychiatry,intermediate
wiry,advanced
protector,intermediate
indigestion,advanced
rebuild,beginner
granulate,advanced
inflammable,advanced
autobiography,intermediate
matinee,advanced
access,beginner
depreciate,advanced
disarrange,advanced
energetic,beginner
precede,advanced
arboreal,advanced
seclusion,advanced
epitaph,advanced
belligerent,advanced
bass,beginner
advertiser,intermediate
meditation,beginner
secondly,beginner
depository,advanced
surfeit,advanced
prerogative,advanced
reunite,intermediate
evanesce,advanced
condescend,advanced
preference,beginner
well-to-do,beginner
inexpensive,intermediate
peaceful,beginner
finery,advanced
gaily,advanced
allotment,intermediate
entwine,advanced
revisal,advanced
emanate,advanced
dilute,intermediate
despot,advanced
proverb,intermediate
embroil,advanced
ponderous,advanced
literal,beginner
bibulous,advanced
tercentenary,advanced
endurable,advanced
quintet,advanced
doleful,advanced
cardinal,beginner
resistless,advanced
lithesome,advanced
Bowdlerize,advanced
indiscreet,advanced
plausible,intermediate
trinity,beginner
sarcasm,intermediate
toleration,advanced
ruffian,advanced
diplomatist,advanced
disinherit,advanced
albeit,beginner
contiguity,advanced
scruple,advanced
account,beginner
casual,beginner
outweigh,intermediate
comport,advanced
continence,advanced
conformation,advanced
culprit,intermediate
pharmacy,beginner
defendant,beginner
disyllable,advanced
paramour,advanced
dendroid,advanced
inopportune,advanced
dolor,advanced
convalescent,advanced
profligacy,advanced
illuminant,advanced
tableau,advanced
opaque,intermediate
accelerate,intermediate
necropolis,advanced
insistence,intermediate
embolden,advanced
expansion,beginner
grapple,intermediate
dissipate,advanced
tenacious,advanced
ichthyology,advanced
dissolute,advanced
legging,advanced
colloquy,advanced
propulsion,intermediate
denominate,advanced
prescription,beginner
pristine,intermediate
rendition,intermediate
lucrative,intermediate
impugn,advanced
nowadays,beginner
nowhere,beginner
noxious,advanced
duplicity,advanced
durance,advanced
intermediate,beginner
equanimity,advanced
impalpable,advanced
crusade,intermediate
benefactor,intermediate
duplex,intermediate
indefensible,advanced
embellish,advanced
tinge,advanced
misbehave,advanced
havoc,intermediate
quartet,intermediate
tentative,intermediate
arrogant,beginner
emeritus,intermediate
tilth,advanced
altruist,advanced
proxy,beginner
esthetic,advanced
microscopy,intermediate
fawn,advanced
hypocrite,intermediate
ministry,beginner
icon,beginner
theocrasy,advanced
radiate,advanced
descry,advanced
prickle,advanced
drowsy,advanced
resonance,intermediate
philology,advanced
waif,advanced
demobilize,advanced
sensitive,beginner
iridescence,advanced
photoelectric,advanced
pompous,advanced
counting-house,beginner
bole,advanced
maroon,intermediate
metaphysical,intermediate
misuse,intermediate
insatiable,advanced
symphony,beginner
fallacious,advanced
scrupulous,advanced
ruminate,advanced
precocious,advanced
heritage,beginner
participate,beginner
transitory,advanced
befog,advanced
encamp,advanced
abscess,advanced
interpreter,intermediate
sanctity,advanced
pension,beginner
archaic,intermediate
vapid,advanced
finality,advanced
treacherous,intermediate
burgher,advanced
reconsider,intermediate
promiscuous,advanced
tricolor,advanced
sapient,advanced
distraught,intermediate
inkling,advanced
disjunctive,advanced
inure,advanced
sequester,advanced
octavo,advanced
gregarious,advanced
volitive,advanced
frolicsome,advanced
adversity,intermediate
objector,advanced
clothier,advanced
evoke,intermediate
preparatory,intermediate
intestate,advanced
harass,intermediate
sedentary,intermediate
synonym,intermediate
palliate,advanced
pyx,advanced
convex,intermediate
unaccountable,advanced
sedate,advanced
fanciless,advanced
plebeian,advanced
empower,intermediate
depopulate,advanced
pedagogy,intermediate
hindmost,advanced
globose,advanced
gaseous,advanced
later,beginner
abrasion,advanced
deplete,advanced
confront,beginner
contradictory,intermediate
corruptible,advanced
rescind,advanced
oration,advanced
tempter,advanced
enfeeble,advanced
pare,advanced
vertex,intermediate
arid,intermediate
modernity,intermediate
preexist,advanced
intricate,intermediate
conscript,advanced
polyhedron,advanced
versatile,intermediate
witticism,advanced
enhance,beginner
brooch,advanced
replete,advanced
sirocco,advanced
acumen,advanced
dogma,intermediate
coquette,advanced
possess,beginner
amphitheater,advanced
pervasion,advanced
scribble,advanced
scholarly,intermediate
readily,beginner
derelict,intermediate
tyrannical,advanced
galvanize,advanced
stigma,intermediate
bequeath,advanced
outcast,intermediate
transferable,advanced
telltale,advanced
reiterate,intermediate
inactive,intermediate
insurrection,intermediate
levee,advanced
forfeit,intermediate
tortious,advanced
sufficiency,advanced
potion,intermediate
underworld,intermediate
magnate,advanced
anathema,advanced
inflexible,advanced
ecstasy,intermediate
corpuscle,advanced
clement,intermediate
locomotion,advanced
obsequious,advanced
therefor,advanced
expedite,advanced
demeanor,intermediate
virulent,advanced
turpitude,advanced
brusque,advanced
motto,beginner
retrospect,intermediate
perspicacity,advanced
surmount,advanced
dun,intermediate
propel,intermediate
inadvertent,advanced
fulminate,advanced
foppish,advanced
frigid,advanced
imaginable,intermediate
off,beginner
vacillate,advanced
laundress,advanced
inhume,advanced
regnant,advanced
cosmology,advanced
ineligible,intermediate
raillery,advanced
decagram,advanced
dishabille,advanced
calculable,advanced
overture,advanced
furtherance,advanced
reducible,advanced
parlance,advanced
tantalize,advanced
aerostat,advanced
quintessence,advanced
subterfuge,advanced
euphony,advanced
eccentricity,advanced
pledgeor,advanced
entree,advanced
clangor,advanced
relegate,advanced
aggrandize,advanced
immaterial,advanced
clamorous,advanced
cite,intermediate
dissever,advanced
expository,advanced
out-and-out,beginner
microcosm,advanced
donator,advanced
precession,advanced
normalcy,advanced
vaporizer,advanced
interposition,advanced
interpolation,advanced
constituent,intermediate
incoherence,advanced
flimsy,intermediate
uproarious,advanced
justification,beginner
collapse,beginner
committal,advanced
pulmonary,intermediate
fervent,advanced
protagonist,intermediate
predict,beginner
punctual,advanced
repressible,advanced
acute,beginner
expeditious,advanced
preferential,intermediate
harbinger,advanced
foreshore,advanced
inexcusable,advanced
taxidermy,advanced
homophone,advanced
protuberance,advanced
incompatible,intermediate
consecutive,beginner
untoward,advanced
virulence,advanced
resistant,beginner
emphasis,beginner
sanguineous,advanced
Narcissus,advanced
triple,beginner
intercession,advanced
opulence,advanced
incombustible,advanced
impassable,advanced
turgid,advanced
impute,advanced
indicator,beginner
aborigines,advanced
misanthropy,advanced
indivisible,advanced
perigee,advanced
interrogate,advanced
besmear,advanced
felonious,advanced
apostate,advanced
poise,advanced
flatulence,advanced
verification,intermediate
frowzy,advanced
donate,beginner
suffrage,intermediate
grandiose,advanced
fickle,intermediate
lodgment,advanced
intelligible,advanced
eulogize,advanced
aggress,advanced
Pariah,advanced
menagerie,advanced
transcendent,advanced
ascension,intermediate
intermission,advanced
variation,beginner
savage,beginner
leviathan,intermediate
rejuvenescence,advanced
humanize,advanced
collision,beginner
kinsfolk,advanced
nebula,intermediate
pentavalent,advanced
alleviate,intermediate
pluperfect,advanced
saline,intermediate
beneficiary,intermediate
enigma,intermediate
carnal,advanced
nominate,intermediate
travail,advanced
rehabilitate,advanced
virtual,beginner
isle,beginner
luminosity,advanced
sardonic,advanced
seethe,advanced
omniscience,advanced
theism,advanced
buttress,advanced
upheave,advanced
trajectory,intermediate
fastidious,advanced
choleric,advanced
prospector,advanced
tactician,advanced
scope,beginner
maidenhood,advanced
postscript,advanced
successor,beginner
duration,beginner
insensible,advanced
regale,advanced
frizzle,advanced
motley,advanced
rationalism,advanced
refusal,beginner
trammel,advanced
federate,advanced
journalize,advanced
counterfeit,intermediate
tranquilize,advanced
distinction,beginner
meticulous,intermediate
effete,advanced
boatswain,advanced
physicist,intermediate
propriety,advanced
espy,advanced
callow,advanced
subservience,advanced
legacy,beginner
weal,advanced
coincidence,beginner
earnest,intermediate
humane,intermediate
eloquent,intermediate
despite,beginner
introgression,advanced
derisible,advanced
lawmaker,advanced
mete,advanced
suggestible,advanced
impersuadable,advanced
dignitary,advanced
flection,advanced
benignity,advanced
locative,advanced
manufacturer,beginner
materialize,advanced
obstetrics,advanced
inestimable,advanced
personality,beginner
comprehension,intermediate
caption,beginner
Protestant,beginner
recitation,advanced
reliant,intermediate
monogamy,advanced
liable,beginner
undersized,advanced
sordid,advanced
literacy,beginner
matrix,beginner
superfluity,advanced
concordance,advanced
concede,intermediate
incitement,advanced
copious,intermediate
playwright,intermediate
gratuitous,advanced
wavelet,advanced
undervalue,advanced
consulate,intermediate
refringency,advanced
anew,intermediate
extraordinary,beginner
illegible,advanced
appraise,advanced
commitment,beginner
disobedience,intermediate
dissemble,advanced
norm,beginner
caucus,intermediate
regime,beginner
inceptive,advanced
tangency,advanced
consul,intermediate
inmost,advanced
optics,intermediate
aerostatics,advanced
adhesion,intermediate
gourmand,advanced
expiate,advanced
indiscernible,advanced
analyze,beginner
lustrous,advanced
extraneous,advanced
parricide,advanced
bale,intermediate
comestible,advanced
infirmary,intermediate
repetition,intermediate
approbation,advanced
kilowatt,advanced
discriminate,intermediate
species,beginner
drought,beginner
coddle,advanced
alcove,advanced
atonement,advanced
superlative,advanced
esquire,intermediate
dutiful,advanced
intolerance,intermediate
obligate,advanced
dissolution,intermediate
clairvoyance,advanced
spurious,advanced
iciness,advanced
redolent,advanced
exclude,beginner
principality,advanced
translate,beginner
terminal,beginner
protract,advanced
vignette,advanced
deliquesce,advanced
moat,intermediate
sedition,advanced
emblem,intermediate
ichthyosaurs,advanced
erudition,advanced
irritancy,advanced
typography,advanced
abed,advanced
variable,beginner
electrolysis,advanced
illumine,advanced
antitoxin,advanced
editorial,beginner
fernery,advanced
inherent,beginner
deference,advanced
vestige,advanced
rigor,advanced
transmission,beginner
wrest,advanced
relapse,intermediate
ponder,intermediate
vale,intermediate
genitive,advanced
hustle,intermediate
cant,beginner
octagon,advanced
terminate,intermediate
dispel,intermediate
incidentally,intermediate
demise,intermediate
conclusive,intermediate
primeval,advanced
guise,intermediate
tenet,advanced
legislator,intermediate
tangible,intermediate
recuperate,advanced
cartridge,intermediate
poetics,advanced
usage,beginner
sociology,beginner
antidote,intermediate
radical,beginner
exorbitant,advanced
fretful,advanced
lune,advanced
disputation,advanced
addendum,advanced
torrid,advanced
foliage,intermediate
narrator,beginner
epidermis,advanced
exotic,beginner
hypocrisy,intermediate
untimely,intermediate
vulnerable,beginner
burnish,advanced
knighthood,advanced
denomination,intermediate
medallion,intermediate
ready,beginner
calumny,advanced
monition,advanced
monitory,advanced
sidelong,advanced
vertical,beginner
defraud,advanced
persevere,advanced
amity,advanced
protective,beginner
bethink,advanced
pitiless,advanced
deform,advanced
interrupt,intermediate
mongrel,advanced
multiform,advanced
lassie,advanced
photometer,advanced
enact,intermediate
confessor,advanced
forswear,advanced
rife,intermediate
sensorium,advanced
multiplicity,advanced
mundane,intermediate
theorist,intermediate
luxuriate,advanced
gratify,advanced
indelible,advanced
castigate,advanced
curable,advanced
equity,beginner
wintry,advanced
meddlesome,advanced
partible,advanced
mutiny,intermediate
candor,advanced
inoffensive,advanced
domineer,advanced
bauble,advanced
curt,intermediate
overweight,beginner
allegory,advanced
impervious,advanced
tenure,beginner
arrangement,beginner
disregard,intermediate
plea,beginner
patronize,advanced
piccolo,advanced
enrage,advanced
epithet,advanced
critique,beginner
virtu,advanced
introvert,advanced
blaspheme,advanced
awry,advanced
gratification,intermediate
emigrant,advanced
rankle,advanced
executor,advanced
skirmish,advanced
adumbrate,advanced
genealogy,intermediate
hiatus,intermediate
autocracy,advanced
irreducible,advanced
compunction,advanced
genesis,beginner
muleteer,advanced
despond,advanced
prologue,intermediate
venial,advanced
suave,advanced
distillation,advanced
augment,intermediate
impertinence,advanced
nomad,advanced
nomic,advanced
nominal,intermediate
disarm,intermediate
allot,advanced
altar,beginner
boycott,beginner
exclamation,advanced
opportune,advanced
stifle,advanced
manumit,advanced
advisory,beginner
clemency,advanced
heterodox,advanced
hilarious,beginner
perspicuous,advanced
occurrence,beginner
decameter,advanced
pantheism,advanced
enjoin,advanced
innuendo,advanced
scabbard,advanced
affirmative,intermediate
surrogate,intermediate
metaphysician,advanced
denote,intermediate
egoist,advanced
tortuous,advanced
psychopathic,advanced
vacuum,beginner
aeronautics,intermediate
futile,intermediate
nautical,intermediate
component,beginner
Christ,beginner
bray,intermediate
adjutant,intermediate
heredity,advanced
expense,beginner
indescribable,advanced
impede,intermediate
seditious,advanced
aghast,advanced
wee,beginner
hibernal,advanced
dissentient,advanced
lexicographer,advanced
pentahedron,advanced
postgraduate,intermediate
covert,intermediate
hypnotism,advanced
immerse,advanced
outlast,advanced
confide,advanced
pedagogue,advanced
liege,advanced
engender,advanced
reminiscent,intermediate
gambol,advanced
quantity,beginner
sagacious,advanced
plutocracy,advanced
adjudge,advanced
periodicity,advanced
fluctuate,advanced
prominence,intermediate
synod,intermediate
moccasin,advanced
gamble,beginner
pioneer,beginner
hostility,intermediate
hexagon,advanced
mesmerize,advanced
fray,intermediate
ablution,advanced
descent,beginner
immune,beginner
subacid,advanced
patrimony,advanced
knickknack,advanced
underrate,advanced
permanence,advanced
ante,intermediate
vainglory,advanced
flexible,beginner
conspire,advanced
protoplasm,advanced
guinea,beginner
boisterous,advanced
ingratiate,advanced
constable,beginner
slothful,advanced
impliable,advanced
accomplish,beginner
overhang,advanced
stipend,advanced
donee,advanced
minute,beginner
breach,beginner
pervert,intermediate
hosiery,advanced
penetrable,advanced
lordling,advanced
distend,advanced
stature,intermediate
regent,intermediate
thoroughbred,advanced
sapiential,advanced
unbiased,intermediate
estrange,advanced
regenerate,intermediate
triplicity,advanced
somber,advanced
haggard,advanced
miter,advanced
unbelief,advanced
grantor,advanced
resilience,intermediate
cycloid,advanced
archipelago,intermediate
reliance,beginner
offshoot,advanced
pillory,advanced
transcend,intermediate
hospitable,advanced
unwieldy,advanced
giddy,intermediate
vicissitude,advanced
compute,intermediate
pentameter,advanced
garnish,advanced
lever,intermediate
replica,intermediate
impoverish,advanced
callosity,advanced
self-respect,beginner
manifesto,intermediate
complaisant,advanced
option,beginner
pugnacious,advanced
metropolis,intermediate
gendarme,advanced
fallacy,intermediate
malleable,advanced
incarcerate,advanced
ignoble,advanced
significant,beginner
amalgamate,advanced
corps,beginner
platitude,advanced
lithograph,advanced
assay,intermediate
summary,beginner
persiflage,advanced
prostrate,advanced
jubilation,advanced
beatitude,advanced
sanguine,advanced
desperate,beginner
cartilage,intermediate
amphibious,advanced
apothecary,advanced
Unitarian,advanced
continuity,beginner
quarterly,beginner
incinerate,advanced
biology,beginner
irrefrangible,advanced
incandescent,advanced
competitive,beginner
tact,advanced
congeal,advanced
dictum,advanced
extrude,advanced
imprudent,advanced
wean,advanced
impend,advanced
defiant,intermediate
surround,beginner
effervesce,advanced
involution,advanced
votive,advanced
lode,advanced
derrick,intermediate
landholder,advanced
braze,advanced
lackadaisical,advanced
introspect,advanced
abominate,advanced
subjacent,advanced
violator,advanced
skepticism,intermediate
crevice,advanced
treatise,intermediate
reign,beginner
differentiate,intermediate
irreverential,advanced
consistency,beginner
disciplinary,beginner
strait,intermediate
unnatural,intermediate
metronome,advanced
primer,intermediate
dramatist,advanced
audition,beginner
recur,advanced
pauperism,advanced
huckster,advanced
detest,advanced
fatuous,advanced
defensive,beginner
crockery,advanced
lien,intermediate
spectrum,beginner
intermit,advanced
negligee,advanced
sepulcher,advanced
telescope,beginner
proletarian,advanced
convergent,advanced
concerto,intermediate
comely,advanced
lingua,advanced
consummate,advanced
exhaustion,intermediate
innocuous,advanced
interlocutor,advanced
enumerate,advanced
furbish,advanced
nutriment,advanced
nutritive,advanced
oaken,advanced
mutation,intermediate
squabble,advanced
predicate,advanced
narrative,beginner
nude,beginner
liqueur,advanced
retrieve,intermediate
phonic,advanced
perceive,beginner
pitiful,intermediate
juggle,advanced
formation,beginner
vocable,advanced
perquisite,advanced
morose,advanced
adamant,intermediate
efface,advanced
effect,beginner
pseudonymity,advanced
corporate,beginner
knavery,advanced
vivify,advanced
writing,beginner
depreciation,intermediate
accredit,advanced
requiem,advanced
wxane,advanced
anatomy,beginner
delectable,advanced
blatant,intermediate
educe,advanced
element,beginner
counteract,intermediate
tenor,intermediate
resemblance,intermediate
technography,advanced
supple,advanced
personnel,beginner
irrigate,advanced
poignancy,advanced
extortion,intermediate
foolery,advanced
excellency,intermediate
forecast,beginner
unify,advanced
concussion,intermediate
denominator,intermediate
disavowal,advanced
magistracy,advanced
assent,advanced
positive,beginner
ungainly,advanced
decapod,advanced
surreptitious,advanced
impracticable,advanced
antiphony,advanced
infernal,advanced
pontiff,advanced
crystallize,advanced
credible,beginner
embody,intermediate
phenomenal,beginner
ambiguous,intermediate
inhuman,intermediate
frugal,intermediate
percolator,advanced
captivate,advanced
pollute,advanced
malevolent,advanced
qualm,advanced
omnivorous,advanced
accompanist,advanced
resistance,beginner
pleasurable,advanced
reparable,advanced
invincible,intermediate
immigrant,beginner
determination,beginner
succulent,advanced
mentality,beginner
overproduction,advanced
predicament,intermediate
collusion,intermediate
consternation,advanced
labyrinth,intermediate
fissure,advanced
pandemonium,advanced
suggestive,intermediate
ambulate,advanced
abbey,beginner
demented,advanced
expulsion,intermediate
audible,intermediate
degradation,intermediate
palatial,advanced
seize,beginner
overdo,advanced
sublingual,advanced
consecrate,advanced
foreman,intermediate
discussion,beginner
inject,intermediate
referee,beginner
transfigure,advanced
denunciation,advanced
immortalize,advanced
collide,intermediate
appellate,intermediate
diplomat,intermediate
impure,advanced
overlord,advanced
perspiration,advanced
joust,advanced
amply,advanced
proctor,intermediate
inquisitor,advanced
diphthong,advanced
credence,advanced
unbridled,advanced
frivolous,intermediate
testator,advanced
subliminal,advanced
tutelage,advanced
mulatto,advanced
agrarian,intermediate
apex,beginner
timorous,advanced
partisan,beginner
immoral,intermediate
granary,advanced
meretricious,advanced
chivalry,advanced
curator,intermediate
inhibit,intermediate
veto,intermediate
feminine,beginner
machinist,advanced
Norman,beginner
miniature,beginner
bromine,advanced
prescient,advanced
errant,advanced
service,beginner
creed,intermediate
liniment,advanced
convivial,advanced
incisor,advanced
servitude,advanced
fuse,intermediate
chastity,intermediate
vegetarian,beginner
imbroglio,advanced
joggle,advanced
fulsome,advanced
amenable,advanced
reciprocal,intermediate
crass,advanced
soldier,beginner
addle,advanced
adduce,advanced
adhere,intermediate
allay,advanced
pseudonym,intermediate
prototype,beginner
negligible,intermediate
retaliate,intermediate
collaborate,intermediate
facet,intermediate
sheer,beginner
revise,intermediate
transplant,beginner
pecuniary,advanced
apparition,advanced
precedent,beginner
comparison,beginner
secession,intermediate
inebriate,advanced
repertory,advanced
illusive,advanced
apathy,intermediate
respondent,advanced
remonstrance,advanced
flamboyant,advanced
prohibitory,advanced
pernicious,advanced
chasten,advanced
fiscal,beginner
tipsy,advanced
ecstatic,intermediate
inaudible,advanced
theologian,advanced
reactionary,intermediate
superficial,intermediate
impetus,intermediate
preposterous,intermediate
nihilist,advanced
precedence,intermediate
academy,beginner
volatile,beginner
stealth,intermediate
stingy,advanced
deflect,intermediate
geology,beginner
pertinent,intermediate
operator,beginner
debonair,advanced
paralysis,intermediate
pusillanimous,advanced
solvent,intermediate
creamy,intermediate
hemorrhoids,advanced
satyr,advanced
script,beginner
frequency,beginner
surveyor,intermediate
infrequent,advanced
consumption,beginner
pertinacity,advanced
desistance,advanced
coalition,beginner
indigence,advanced
presumptuous,advanced
angelic,intermediate
metonymy,advanced
hawthorn,intermediate
generate,beginner
paucity,advanced
admittance,advanced
dilemma,beginner
moderation,intermediate
emigrate,advanced
hexangular,advanced
transcribe,advanced
necrology,advanced
necromancer,advanced
enfranchise,advanced
incite,intermediate
vegetate,advanced
nil,intermediate
poesy,advanced
stanza,advanced
absolve,advanced
lunacy,advanced
Spartan,intermediate
hinder,intermediate
lethargy,advanced
bailiff,advanced
conversion,beginner
financier,advanced
academician,advanced
impersonal,advanced
encumber,advanced
indivertible,advanced
infusion,intermediate
facile,advanced
seer,advanced
assessor,advanced
jurisprudence,intermediate
formidable,intermediate
sensual,intermediate
abscond,advanced
invasion,beginner
decipher,intermediate
tangent,intermediate
coalescence,advanced
miser,advanced
reprobate,advanced
redolence,advanced
exacerbate,advanced
suppressible,advanced
tremulous,advanced
taciturn,advanced
foreknowledge,advanced
stripling,advanced
adulterant,advanced
vociferate,advanced
premier,beginner
Antichrist,advanced
exhale,intermediate
cereal,beginner
refringent,advanced
pyrotechnic,advanced
barometer,intermediate
effeminacy,advanced
annihilate,advanced
lax,intermediate
imminent,intermediate
shiftless,advanced
impregnable,advanced
dramatize,advanced
tricycle,advanced
misogyny,intermediate
skiff,advanced
apposite,advanced
circumspect,advanced
pharmacopoeia,advanced
precaution,intermediate
panacea,advanced
poetaster,advanced
paraphrase,advanced
depth,beginner
remunerate,advanced
apology,beginner
lateral,beginner
verily,advanced
gratuity,advanced
outdo,advanced
bombardier,advanced
septennial,advanced
caricature,intermediate
aide-de-camp,intermediate
bulbous,advanced
bullock,intermediate
disapprove,intermediate
deplorable,intermediate
clumsy,intermediate
preferment,advanced
stringent,intermediate
accost,advanced
casualty,intermediate
foreordination,advanced
explicate,advanced
similar,beginner
lough,advanced
second-rate,beginner
causal,intermediate
derive,intermediate
parley,advanced
rapacious,advanced
stratagem,advanced
peremptory,advanced
cholera,intermediate
cosmic,beginner
delirious,advanced
implicit,intermediate
impel,advanced
discreet,intermediate
ridicule,intermediate
proscribe,advanced
infinity,beginner
volant,advanced
soprano,intermediate
cataclysm,advanced
agglomerate,advanced
allege,intermediate
insulate,advanced
epoch,intermediate
potentate,advanced
siege,beginner
jaundice,advanced
retrogression,advanced
voracious,advanced
apostasy,advanced
refract,advanced
accumulate,intermediate
modification,beginner
perpetuate,intermediate
inadequate,beginner
terminus,intermediate
facetious,advanced
compulsory,intermediate
morphology,intermediate
submission,beginner
primitive,beginner
referable,advanced
impetuous,advanced
judicial,beginner
paraphernalia,advanced
promoter,intermediate
guzzle,advanced
recapitulate,advanced
invalid,beginner
flag-officer,beginner
termination,beginner
witling,advanced
ingraft,advanced
proselyte,advanced
passive,beginner
egotism,advanced
probity,advanced
faulty,intermediate
affectation,advanced
reform,beginner
nasal,intermediate
neology,advanced
merciful,intermediate
feasible,beginner
recollect,advanced
auricular,advanced
dendrology,advanced
regress,advanced
alter,beginner
dehydrate,advanced
prominent,beginner
penetrate,intermediate
superintend,advanced
truthful,intermediate
sanction,intermediate
morale,intermediate
workmanlike,advanced
illogical,advanced
occlude,advanced
effrontery,advanced
excellence,beginner
quay,intermediate
overshadow,advanced
irksome,advanced
detract,advanced
productive,beginner
homogeneity,advanced
unlimited,beginner
betide,advanced
encompass,intermediate
abbess,advanced
bestrew,advanced
paternal,intermediate
sorcery,intermediate
egoism,advanced
endear,advanced
mountainous,intermediate
misapprehend,advanced
aroma,intermediate
semicircle,advanced
veracious,advanced
vortex,intermediate
vestment,advanced
astute,intermediate
hemorrhage,intermediate
omnipotence,advanced
penitence,advanced
malefactor,advanced
phenomenon,beginner
suppress,intermediate
corollary,advanced
dissonant,advanced
propitious,advanced
sophistry,advanced
ode,intermediate
residue,intermediate
underwrite,advanced
grenadier,advanced
canto,advanced
orthodox,beginner
orthodoxy,intermediate
orthogonal,advanced
sequel,beginner
baste,advanced
contradiction,intermediate
mausoleum,advanced
charlatan,advanced
insentient,advanced
transparent,beginner
paragon,advanced
requital,advanced
maternal,beginner
consolidate,intermediate
antispasmodic,advanced
continuation,beginner
iniquity,advanced
inland,beginner
gnash,advanced
mane,intermediate
submersion,advanced
anarchy,intermediate
rotund,advanced
misinterpret,advanced
exclusion,intermediate
insolent,advanced
ubiquitous,intermediate
brotherhood,beginner
descendant,intermediate
dogmatic,advanced
amputate,advanced
demulcent,advanced
prophesy,advanced
bulrush,advanced
creamery,advanced
idolize,advanced
superabundance,advanced
speculator,advanced
sentience,advanced
disbeliever,advanced
limitation,beginner
euphonious,advanced
underling,advanced
alienate,advanced
batten,advanced
blaze,intermediate
demonstrable,advanced
lyric,intermediate
thoroughfare,advanced
extinguish,advanced
magnificence,advanced
patronymic,advanced
mawkish,advanced
discontinuance,advanced
remission,intermediate
anesthetic,advanced
insomnia,intermediate
modify,beginner
marine,beginner
olive-branch,beginner
ceremonial,intermediate
bolster,intermediate
matrimony,advanced
encyclopedia,intermediate
anxious,beginner
forthright,advanced
interdict,advanced
tapestry,intermediate
dastard,advanced
odoriferous,advanced
prudential,advanced
undue,intermediate
nomination,beginner
scholastic,intermediate
homologous,advanced
contusion,advanced
prelude,intermediate
ailment,advanced
rhapsody,advanced
anterior,intermediate
precipice,advanced
dissuade,advanced
burgess,intermediate
deleterious,advanced
averse,advanced
atone,advanced
authentic,beginner
percussion,intermediate
aristocracy,intermediate
paradox,intermediate
populace,intermediate
competent,beginner
prophecy,beginner
reassure,intermediate
gentile,advanced
respite,intermediate
laxative,advanced
levy,beginner
separate,beginner
fallible,advanced
braggart,advanced
parlor,intermediate
inefficiency,advanced
incendiary,advanced
inexpressible,advanced
fluential,advanced
placid,advanced
delineate,advanced
ground,beginner
forbearance,advanced
divulgence,advanced
observance,intermediate
inextensible,advanced
raucous,advanced
psychotherapy,intermediate
awaken,intermediate
prolific,intermediate
trio,beginner
inconvenient,intermediate
arrival,beginner
fraudulent,intermediate
ashen,advanced
misdeed,advanced
entrench,advanced
et,beginner
elapse,advanced
inevitable,beginner
drainage,beginner
emaciate,advanced
affect,beginner
tribune,beginner
baritone,advanced
domesticity,advanced
prepossession,advanced
diversity,beginner
unctuous,advanced
supersede,advanced
penance,intermediate
islet,advanced
philanthropist,intermediate
illegitimate,intermediate
pervade,advanced
inimical,advanced
innumerable,advanced
promenade,intermediate
pandemic,intermediate
kimono,advanced
chateau,intermediate
antique,beginner
technicality,advanced
infest,advanced
control,beginner
commodity,beginner
mystic,intermediate
ambitious,beginner
zenith,intermediate
catholicity,advanced
languor,advanced
stagy,advanced
mileage,intermediate
laud,advanced
purl,advanced
speculate,intermediate
explosive,beginner
morality,beginner
cryptogram,advanced
sophistical,advanced
latency,intermediate
ultramundane,advanced
moonbeam,advanced
embark,intermediate
technology,beginner
neocracy,advanced
indigent,advanced
ascent,intermediate
sensibility,intermediate
negation,advanced
enrapture,advanced
elude,advanced
excretion,advanced
free,beginner
grotesque,intermediate
signification,advanced
beget,advanced
probe,beginner
illimitable,advanced
dilettante,advanced
sustenance,advanced
ordnance,intermediate
wreak,advanced
endemic,intermediate
philander,advanced
exemplar,advanced
gluttonous,advanced
syllabus,intermediate
secretary,beginner
acrid,advanced
percipient,advanced
outrageous,beginner
man-eater,intermediate
monogram,advanced
emergence,beginner
exegesis,advanced
fundamental,beginner
voluptuous,advanced
tranquil,intermediate
fusible,advanced
livid,advanced
aberration,advanced
vigilant,intermediate
conciliatory,advanced
meander,advanced
coercion,intermediate
dexterity,advanced
misdemeanor,intermediate
overstride,advanced
declamatory,advanced
pungency,advanced
brae,advanced
exigent,advanced
acknowledgment,intermediate
precursor,intermediate
defer,intermediate
planisphere,advanced
affable,advanced
reaction,beginner
maintain,beginner
oblivion,intermediate
airy,intermediate
bodily,beginner
offhand,advanced
perseverance,intermediate
indigenous,beginner
outreach,intermediate
outride,advanced
mentor,beginner
quadrate,advanced
malevolence,advanced
pretentious,intermediate
antonym,advanced
afresh,advanced
ultimatum,intermediate
ineffable,advanced
imperious,advanced
reprimand,advanced
benevolence,advanced
evidential,advanced
fruition,intermediate
fugacious,advanced
concur,intermediate
concurrence,advanced
quarrelsome,advanced
jugular,advanced
audacious,advanced
florid,advanced
florist,advanced
nostrum,advanced
noticeable,beginner
orgies,advanced
admissible,advanced
captious,advanced
verity,advanced
day-man,beginner
piecemeal,advanced
fiducial,advanced
rigmarole,advanced
pitiable,advanced
fraudulence,advanced
afterthought,advanced
lifelong,beginner
guy,beginner
gusto,advanced
onslaught,intermediate
obtrusive,advanced
hanger-on,intermediate
transatlantic,intermediate
obvert,advanced
unconscionable,advanced
floral,beginner
almanac,advanced
moralist,advanced
anachronism,advanced
compress,advanced
tempt,intermediate
domicile,advanced
prim,advanced
aeronaut,advanced
inefficient,intermediate
guileless,advanced
pudgy,advanced
stimulate,intermediate
crucible,intermediate
augur,advanced
whet,advanced
insecure,beginner
abeyance,advanced
obviate,advanced
gumption,advanced
mountaineer,advanced
assiduous,advanced
tense,beginner
drastic,intermediate
acquit,advanced
unavoidable,intermediate
epic,beginner
stagnation,intermediate
wretchedness,advanced
malady,advanced
gullible,intermediate
requite,advanced
blas√©,advanced
aver,advanced
regalia,advanced
prevalent,beginner
desist,advanced
comical,intermediate
instant,beginner
happy-go-lucky,beginner
indispensable,intermediate
permanent,beginner
prehensile,advanced
procedure,beginner
monocracy,advanced
liking,beginner
extant,intermediate
substantive,intermediate
infidel,advanced
foreordain,advanced
patriotism,intermediate
subversion,advanced
salutatory,advanced
suasion,advanced
hoarse,advanced
circumlocution,advanced
revocation,advanced
connoisseur,advanced
quietus,advanced
grotto,advanced
vagabond,advanced
militant,intermediate
compressible,advanced
stupor,advanced
quandary,advanced
domain,beginner
counter-claim,beginner
immiscible,advanced
initiate,beginner
obsequies,advanced
tolerable,intermediate
usurp,advanced
giver,intermediate
dedication,beginner
elegy,advanced
Epicurean,advanced
cacophony,advanced
contort,advanced
typify,advanced
divergent,intermediate
Artesian,advanced
pentagon,intermediate
contrite,advanced
preemption,advanced
antenatal,advanced
annals,intermediate
indolent,advanced
valedictory,advanced
matricide,advanced
colloquial,advanced
liner,beginner
corpse,beginner
legislate,advanced
circumference,intermediate
micrometer,advanced
creak,advanced
risible,advanced
calorie,intermediate
plenary,intermediate
reorganize,advanced
stiletto,advanced
preferable,intermediate
ascendant,advanced
vermin,advanced
antiseptic,advanced
astringent,advanced
fluctuation,advanced
incomprehensible,intermediate
divisor,advanced
lunatic,intermediate
aurora,beginner
obstetrician,advanced
laudatory,advanced
octave,advanced
cathode,advanced
resplendent,advanced
savor,advanced
differential,beginner
vehement,advanced
accustom,advanced
teem,advanced
bronchus,advanced
discountenance,advanced
symmetrical,intermediate
inaccurate,intermediate
Pantheon,intermediate
harmonious,intermediate
dwindle,advanced
insight,beginner
understate,advanced
socialism,beginner
retouch,advanced
avidity,advanced
evolution,beginner
physiology,intermediate
arbiter,advanced
infirm,advanced
omission,intermediate
ribald,advanced
muster,intermediate
permutation,advanced
wholly,beginner
felon,intermediate
cohere,advanced
cohesion,intermediate
semblance,intermediate
ameliorate,advanced
by-law,beginner
peninsular,advanced
advocate,beginner
achromatic,advanced
malediction,advanced
judgment,beginner
landscape,beginner
connote,advanced
laddie,advanced
conduit,intermediate
grantee,advanced
excrescence,advanced
abnormal,beginner
brigadier,intermediate
replenish,advanced
antic,advanced
medieval,beginner
reticence,advanced
convertible,intermediate
diversion,intermediate
supposition,advanced
hesitancy,advanced
cognizant,advanced
illiterate,intermediate
principle,beginner
despair,beginner
transact,advanced
precarious,intermediate
suppression,intermediate
phlegmatic,advanced
macadamize,advanced
alienable,advanced
invaluable,intermediate
gamester,advanced
venous,advanced
disenfranchise,advanced
recrudescent,advanced
predatory,intermediate
heresy,intermediate
insuperable,advanced
regretful,advanced
fulcrum,advanced
listless,advanced
head,beginner
consort,intermediate
intellect,intermediate
cranium,advanced
cabal,advanced
delicacy,intermediate
onerous,advanced
sedulous,advanced
provident,advanced
enormity,advanced
tyro,advanced
armor,beginner
habitude,advanced
quarantine,intermediate
inundate,advanced
diatribe,advanced
stimulant,advanced
comprehensible,advanced
municipal,beginner
idiom,advanced
deforest,advanced
apprehensible,advanced
panegyric,advanced
exposure,beginner
quarto,advanced
dejection,advanced
minority,beginner
benediction,advanced
hypothesis,beginner
sergeant-at-arms,beginner
prosaic,advanced
pinchers,advanced
endurance,beginner
immature,intermediate
pavilion,intermediate
optimism,intermediate
bitterness,intermediate
proficiency,intermediate
curio,advanced
abjure,advanced
mislay,advanced
furrier,advanced
apposition,advanced
inexhaustible,advanced
papyrus,advanced
makeup,beginner
unction,advanced
fluent,intermediate
distiller,advanced
palsy,intermediate
ballad,intermediate
antemundane,advanced
outlandish,advanced
weak-kneed,advanced
fete,advanced
operetta,advanced
intuition,intermediate
embargo,intermediate
treasonable,advanced
chronology,intermediate
nevertheless,beginner
imbrue,advanced
putrescent,advanced
clarion,advanced
penetration,beginner
discursive,advanced
alabaster,advanced
winsome,advanced
seignior,advanced
pantoscope,advanced
inane,advanced
retinue,advanced
accusation,intermediate
demagnetize,advanced
piece,beginner
eschew,advanced
monetary,beginner
nuisance,intermediate
spherometer,advanced
tireless,advanced
opposite,beginner
shriek,advanced
maritime,beginner
vindicatory,advanced
cabinet,beginner
importune,advanced
intervale,advanced
simulate,intermediate
hesitation,intermediate
dissentious,advanced
maize,intermediate
abrogate,advanced
dialect,intermediate
galvanism,advanced
opinion,beginner
priory,advanced
mien,advanced
courageous,intermediate
incongruous,advanced
divisible,advanced
recant,advanced
quadruple,intermediate
purloin,advanced
kerchief,advanced
syllable,intermediate
circumnavigate,advanced
adjacent,beginner
forecourt,advanced
gesture,beginner
attorney-general,beginner
pentad,advanced
travesty,advanced
enthusiastic,beginner
pinnacle,intermediate
reclusory,advanced
rupture,intermediate
colleague,beginner
rendezvous,intermediate
prefix,intermediate
diplomatic,beginner
tirade,advanced
banal,advanced
percipience,advanced
pall,advanced
infirmity,advanced
enthrone,advanced
bilateral,beginner
reconcilable,advanced
veneer,intermediate
nominee,beginner
panic,beginner
provincial,beginner
wield,intermediate
proffer,advanced
truculent,advanced
vociferous,advanced
physiognomy,advanced
eclipse,beginner
amatory,advanced
condense,advanced
paternity,intermediate
somniferous,advanced
unison,intermediate
demagogue,advanced
radiance,advanced
eradicate,intermediate
somnolence,advanced
lewd,intermediate
hardihood,advanced
alcoholism,intermediate
imperceptible,advanced
betimes,advanced
succeed,beginner
drudgery,advanced
immersion,intermediate
introspection,advanced
operative,beginner
correlative,advanced
assess,beginner
endue,advanced
maneuver,intermediate
aerial,beginner
foreigner,intermediate
staid,advanced
influential,beginner
vivisection,advanced
conversant,advanced
leaflet,intermediate
intracellular,advanced
abhorrent,advanced
scoundrel,advanced
indefinitely,intermediate
monarchy,intermediate
adjunct,intermediate
transition,beginner
foible,advanced
intimidate,intermediate
continuance,advanced
leaven,advanced
betroth,advanced
vitality,intermediate
christen,advanced
indignant,advanced
intrusion,intermediate
lyre,advanced
whereupon,advanced
contemptuous,advanced
bulwark,advanced
grandeur,intermediate
horde,intermediate
insipid,advanced
discernible,advanced
detrude,advanced
auxiliary,beginner
vagrant,advanced
consensus,beginner
aversion,intermediate
solar,beginner
maharaja,advanced
reprehensible,advanced
hospitality,beginner
manor,beginner
cosmopolitanism,advanced
liquefacient,advanced
accurate,beginner
abstinence,intermediate
sequestrate,advanced
benefit,beginner
diagnose,intermediate
subservient,advanced
velvety,advanced
likely,beginner
sinuous,advanced
felicity,intermediate
pleasant,beginner
tenant,beginner
comparable,beginner
recidivist,advanced
innovate,intermediate
believe,beginner
trickery,advanced
rondo,advanced
concurrent,intermediate
declamation,advanced
statuesque,advanced
forethought,advanced
centiliter,advanced
cynicism,intermediate
plenipotentiary,advanced
peter,beginner
inference,intermediate
irritable,advanced
parable,intermediate
monotone,advanced
monotonous,advanced
monotony,advanced
analyst,beginner
furlough,advanced
sextuple,advanced
repartee,advanced
perversity,advanced
beatify,advanced
brigade,beginner
emit,intermediate
neo-Latin,beginner
essence,beginner
satirize,advanced
calculus,intermediate
auditory,intermediate
admonition,advanced
habitable,intermediate
inapt,advanced
homogeneous,intermediate
irascible,advanced
ambulance,beginner
indict,advanced
pestilent,advanced
paronymous,advanced
repugnance,advanced
blazon,advanced
submersible,advanced
undermine,intermediate
guess,beginner
fledgling,intermediate
aural,advanced
atrocity,advanced
devise,intermediate
pendant,intermediate
vociferance,advanced
entangle,advanced
preclude,advanced
aldermanship,advanced
disqualify,advanced
merciless,advanced
jugglery,advanced
sextet,advanced
origin,beginner
typical,beginner
glimmer,intermediate
missive,advanced
debase,advanced
symmetry,intermediate
scarcity,intermediate
nectar,intermediate
sentence,beginner
prowess,intermediate
absorb,beginner
aboriginal,beginner
laggard,advanced
contraposition,advanced
pestilential,advanced
subsistence,intermediate
predominance,advanced
indigestible,advanced
blithesome,advanced
plumb,advanced
remuneration,intermediate
compensate,beginner
conjugal,advanced
incompressible,advanced
forego,advanced
countervail,advanced
desert,beginner
philosophy,beginner
herbaceous,advanced
adherent,advanced
regiment,beginner
digraph,advanced
dyne,advanced
rustic,intermediate
hoodwink,advanced
inedible,advanced
nondescript,advanced
efficacious,advanced
ancestry,intermediate
analogy,beginner
dilate,advanced
predominant,intermediate
alternate,beginner
oral,beginner
reproduce,intermediate
anonymous,beginner
inanimate,advanced
inarticulate,advanced
juncture,advanced
bellicose,advanced
syndicate,intermediate
subconscious,intermediate
dutiable,advanced
disparage,advanced
accuse,beginner
lactation,advanced
palpable,intermediate
s√©ance,advanced
inhospitable,advanced
theological,beginner
honorarium,advanced
apogee,advanced
misadventure,advanced
matter,beginner
corrosive,intermediate
immaculate,intermediate
conscious,beginner
insolence,advanced
superadd,advanced
ministration,advanced
unicellular,advanced
gradation,advanced
philologist,advanced
bigamist,advanced
intrinsic,intermediate
prescript,advanced
mite,advanced
diminution,advanced
deplore,advanced
loiterer,advanced
assassinate,intermediate
disinfectant,advanced
portent,advanced
sergeant-major,beginner
working-man,beginner
radix,advanced
dissect,advanced
mallet,advanced
sonata,intermediate
decent,beginner
deceitful,advanced
interrogative,advanced
factious,advanced
posit,advanced
ligament,intermediate
ghastly,advanced
degrade,intermediate
orate,advanced
extension,beginner
plenteous,advanced
vindicate,advanced
incipience,advanced
alderman,intermediate
plummet,advanced
volition,advanced
cosmography,advanced
percolate,advanced
pestilence,advanced
bumper,intermediate
verbatim,advanced
peaceable,advanced
gallant,intermediate
imbibe,advanced
phonogram,advanced
subjection,advanced
irresponsible,intermediate
preexistence,advanced
conformity,intermediate
reciprocity,advanced
misogamy,advanced
remonstrate,advanced
attest,intermediate
preternatural,advanced
repulsive,intermediate
garrison,intermediate
negligent,intermediate
irate,advanced
potency,intermediate
severely,beginner
proficient,intermediate
penury,advanced
rancor,advanced
artless,advanced
browbeat,advanced
subtle,beginner
Madonna,beginner
secede,advanced
erroneous,intermediate
erudite,advanced
preoccupation,advanced
cynical,intermediate
disparity,intermediate
vista,beginner
revert,intermediate
underlie,advanced
corroboration,advanced
autocrat,advanced
erratic,intermediate
symphonious,advanced
encourage,beginner
litigious,advanced
constituency,intermediate
metamorphosis,advanced
inroad,advanced
luminous,intermediate
egress,advanced
hysteria,intermediate
deduce,advanced
evince,advanced
retort,advanced
resource,beginner
diligence,intermediate
contiguous,intermediate
courtesy,beginner
preponderant,advanced
acrimony,advanced
accept,beginner
scythe,advanced
itinerate,advanced
stultify,advanced
semicivilized,advanced
raptorial,advanced
professor,beginner
priggish,advanced
obstreperous,advanced
diacritical,advanced
suspicious,beginner
elasticity,intermediate
warlike,advanced
elucidate,advanced
despicable,intermediate
denude,advanced
neutral,beginner
assuage,advanced
ado,intermediate
cabalism,advanced
elocution,advanced
discomfort,intermediate
bemoan,advanced
redundant,intermediate
obsolete,intermediate
recognizance,advanced
presentiment,advanced
resurrection,beginner
centenary,intermediate
transpire,advanced
ardent,intermediate
germinate,advanced
procrastination,advanced
swarthy,advanced
constellation,intermediate
sequent,advanced
pupilage,advanced
ulterior,advanced
susceptibility,intermediate
inviolable,advanced
harangue,advanced
drachma,advanced
acoustic,beginner
nauseate,advanced
pallid,advanced
retrench,advanced
theology,beginner
preface,intermediate
nestling,advanced
mollify,advanced
adoration,intermediate
irresistible,intermediate
dismissal,beginner
viscount,intermediate
vacuous,advanced
seclude,advanced
infidelity,intermediate
herbarium,advanced
accordion,advanced
ligature,advanced
aqueous,intermediate
disappear,beginner
predecessor,beginner
contaminate,advanced
hereditary,intermediate
specimen,beginner
desperado,advanced
benign,intermediate
extravagance,advanced
betrothal,advanced
salvo,advanced
exasperate,advanced
masquerade,advanced
perpetrator,intermediate
needlework,advanced
dispossess,advanced
disinfect,advanced
triennial,advanced
expedient,advanced
subside,advanced
oratorio,advanced
debut,beginner
heifer,advanced
conjugate,advanced
edify,advanced
foresee,intermediate
altercate,advanced
sapid,advanced
excusable,advanced
gossamer,advanced
blithe,advanced
campaign,beginner
aspiration,intermediate
atrocious,intermediate
brine,advanced
trite,advanced
involve,beginner
broach,advanced
sympathetic,beginner
secondary,beginner
adroit,advanced
mead,intermediate
amorphous,advanced
folklore,intermediate
detriment,intermediate
bronchitis,advanced
persuade,beginner
preparation,beginner
deprecate,advanced
trimness,advanced
epicure,advanced
intersect,intermediate
deficiency,intermediate
bestial,advanced
oscillate,advanced
progression,beginner
incident,beginner
exigency,advanced
peccadillo,advanced
conservative,beginner
loot,intermediate
depression,beginner
contender,intermediate
brimstone,advanced
undulate,advanced
hard-hearted,beginner
sibilance,advanced
abusive,beginner
stolid,advanced
rivulet,advanced
intellectual,beginner
disseminate,advanced
pungent,advanced
fungus,intermediate
apprehend,advanced
crustacean,advanced
pathos,advanced
necessity,beginner
improper,intermediate
facilitate,beginner
facility,beginner
legislative,beginner
frantic,intermediate
realism,intermediate
entrails,advanced
suspense,intermediate
petulance,advanced
animalcule,advanced
uncommon,beginner
manumission,advanced
disciple,intermediate
assimilate,advanced
martyrdom,intermediate
perspicacious,advanced
liquor,beginner
taxation,beginner
finale,beginner
inadmissible,advanced
light-hearted,beginner
intensive,beginner
officiate,advanced
incapacity,advanced
bibliophile,advanced
loch,intermediate
necessary,beginner
anthropology,intermediate
littoral,advanced
appall,advanced
odious,advanced
intrepid,advanced
regimen,intermediate
tannery,advanced
foppery,advanced
sapience,advanced
ordinal,advanced
serviceable,advanced
ornate,intermediate
evanescent,advanced
salacious,advanced
sophism,advanced
temerity,advanced
cajolery,advanced
anteroom,advanced
vertigo,intermediate
abut,advanced
prohibitionist,advanced
inexpedient,advanced
original,beginner
impartial,intermediate
ought,beginner
oust,advanced
coniferous,advanced
collective,beginner
excel,beginner
asexual,advanced
composure,intermediate
head,beginner
citadel,intermediate
aloof,advanced
thermal,beginner
incentive,beginner
lacerate,advanced
parallel,beginner
ostracize,advanced
liberalism,intermediate
significance,beginner
emancipate,advanced
resumption,advanced
abdicate,advanced
hypnotize,advanced
catastrophe,intermediate
pertinacious,advanced
ichthyic,advanced
moderator,intermediate
dolesome,advanced
relinquish,intermediate
expressive,intermediate
jocose,advanced
laudable,advanced
dearth,advanced
palinode,advanced
abstemious,advanced
legionary,advanced
prehensible,advanced
loath,advanced
condolence,advanced
hygiene,beginner
heinous,intermediate
incontrovertible,advanced
obituary,intermediate
theoretical,beginner
legitimate,beginner
privateer,advanced
manliness,advanced
barring,intermediate
effectual,advanced
fez,advanced
discover,beginner
remiss,advanced
opportunity,beginner
ravenous,advanced
martial,beginner
luscious,advanced
crematory,advanced
cosmos,intermediate
emerge,beginner
fixture,intermediate
conjugation,advanced
obstinacy,advanced
competence,intermediate
isolate,intermediate
decapitate,advanced
spasmodic,advanced
foretell,advanced
canon,beginner
itinerary,intermediate
censorious,advanced
principal,beginner
autopsy,intermediate
inchoative,advanced
translator,intermediate
exorcise,advanced
beneficent,advanced
authenticity,intermediate
pagan,intermediate
parsimonious,advanced
inaccessible,intermediate
subsist,advanced
galvanic,advanced
incapacitate,advanced
reck,advanced
formula,beginner
gait,advanced
bedaub,advanced
photometry,advanced
temporize,advanced
antediluvian,advanced
hydraulic,beginner
mania,intermediate
tolerance,beginner
polytheism,advanced
excerpt,intermediate
version,beginner
impolitic,advanced
conflagration,advanced
canine,intermediate
imaginary,beginner
emblazon,advanced
feudal,intermediate
transposition,advanced
retrograde,advanced
low-spirited,intermediate
indulgence,intermediate
dermatology,advanced
implausible,advanced
clan,beginner
imminence,advanced
demurrage,advanced
exposition,intermediate
deportment,advanced
purveyor,advanced
decrepit,advanced
venison,advanced
polemics,advanced
lurid,advanced
bier,advanced
lieu,intermediate
inapprehensible,advanced
foursome,advanced
prefatory,advanced
assignee,advanced
parity,intermediate
Pan-American,beginner
shrinkage,advanced
anticlimax,advanced
missal,advanced
infringe,advanced
proximately,advanced
rectitude,advanced
inverse,intermediate
fishmonger,advanced
sprightly,advanced
extremist,intermediate
parallelism,advanced
stagnate,advanced
defensible,advanced
aforesaid,advanced
panel,beginner
tolerate,beginner
circulate,intermediate
prosody,advanced
solicitor,intermediate
excruciate,advanced
preengage,advanced
athirst,advanced
proviso,advanced
penchant,advanced
convalescence,advanced
louse,advanced
transmute,advanced
avow,advanced
expand,beginner
beck,beginner
plurality,intermediate
accomplice,intermediate
trisect,advanced
vernal,advanced
rapid,beginner
referrer,advanced
antiquary,advanced
indicant,advanced
expediency,advanced
righteousness,intermediate
sophisticate,advanced
beneficial,beginner
proceed,beginner
thearchy,advanced
botanical,intermediate
animate,intermediate
terrify,advanced
extensive,beginner
duteous,advanced
atheism,intermediate
unanimous,intermediate
brogue,advanced
aggravation,advanced
furlong,advanced
boll,advanced
diatomic,advanced
euphemism,advanced
cupidity,advanced
superheat,advanced
impair,advanced
unspeakable,intermediate
bravo,beginner
financial,beginner
redundance,advanced
pittance,advanced
lucid,intermediate
navigable,advanced
epitome,intermediate
query,intermediate
autarchy,advanced
nurture,intermediate
miscreant,advanced
nettle,advanced
furtive,advanced
fief,advanced
bolero,advanced
amorous,advanced
concession,intermediate
lovable,intermediate
sylph,advanced
arrange,beginner
momentary,advanced
momentous,intermediate
momentum,beginner
alkali,advanced
mordant,advanced
purgatory,intermediate
buoyant,advanced
manlike,advanced
mealy-mouthed,advanced
oakum,advanced
correlate,intermediate
peddler,advanced
abhorrence,advanced
adjuration,advanced
invidious,advanced
decorate,intermediate
finite,beginner
eatable,advanced
abyss,intermediate
bumptious,advanced
fervor,advanced
deport,intermediate
irruption,advanced
dislocate,advanced
irritate,advanced
botanize,advanced
juxtapose,advanced
confederate,intermediate
flora,intermediate
confident,beginner
urban,beginner
valediction,advanced
bight,advanced
mistrust,advanced
irrefragable,advanced
legalize,intermediate
benison,advanced
complicate,intermediate
trestle,advanced
fungous,advanced
molt,advanced
ingenuous,advanced
profuse,advanced
aboveboard,advanced
unanimity,advanced
possible,beginner
apiary,advanced
translucent,intermediate
dishonest,intermediate
effluvium,advanced
improvident,advanced
landmark,beginner
infamous,beginner
avocation,advanced
flue,advanced
inversion,intermediate
ointment,advanced
negotiable,intermediate
monosyllable,advanced
disreputable,advanced
obdurate,advanced
debatable,intermediate
prospectus,intermediate
whine,intermediate
ogre,intermediate
interim,beginner
acme,advanced
revoke,intermediate
solder,intermediate
lowly,intermediate
mordacious,advanced
abstain,advanced
morbid,intermediate
contravene,advanced
rebut,advanced
abidance,advanced
retrace,advanced
valedictorian,advanced
dissent,intermediate
peccable,advanced
inquisitive,advanced
moratorium,advanced
indestructible,advanced
intension,advanced
obsolescent,advanced
disengage,advanced
abridgment,advanced
immigrate,advanced
sacred.,beginner
kingling,advanced
extempore,advanced
baton,intermediate
transference,advanced
redress,intermediate
contraband,intermediate
dilatory,advanced
physics,beginner
consignee,advanced
complicity,advanced
perjure,advanced
verbose,advanced
demonstrate,beginner
impropriety,advanced
arraign,advanced
cardiac,beginner
waive,intermediate
antemeridian,advanced
contribution,beginner
passible,advanced
expanse,intermediate
prodigious,advanced
undersell,advanced
mantle,intermediate
avarice,advanced
famish,advanced
studious,advanced
impecunious,advanced
divinity,intermediate
mendacious,advanced
bridle,advanced
gigantic,intermediate
parody,beginner
afire,advanced
workmanship,advanced
illicit,intermediate
designate,intermediate
sympathize,advanced
opprobrium,advanced
foggy,intermediate
soliloquy,advanced
opulent,advanced
eminence,intermediate
abundant,beginner
accouter,advanced
tolerant,intermediate
insufficiency,advanced
resuscitate,advanced
rearrange,advanced
dissertation,intermediate
conservatory,intermediate
engrave,advanced
egotist,advanced
confer,intermediate
juror,intermediate
metaphysics,advanced
declension,advanced
acerbity,advanced
palate,intermediate
freshness,intermediate
anhydrous,advanced
auricle,advanced
shrewd,intermediate
connubial,advanced
cadaverous,advanced
physiocracy,advanced
preempt,advanced
conceit,advanced
recreate,intermediate
contingent,intermediate
introductory,intermediate
intemperance,advanced
ampersand,advanced
codicil,advanced
participant,beginner
perform,beginner
nauseous,advanced
pamphlet,intermediate
venom,intermediate
distrain,advanced
cognate,advanced
auburn,beginner
corporal,intermediate
bombard,advanced
melodrama,advanced
sensuous,advanced
relent,advanced
luminescence,advanced
niggardly,advanced
borough,beginner
plagiarism,intermediate
hypercritical,advanced
nimble,advanced
observatory,beginner
nit,advanced
superintendent,beginner
veracity,advanced
complaisance,advanced
armada,intermediate
fungible,advanced
libel,intermediate
obnoxious,intermediate
inconsiderable,advanced
investigator,beginner
meager,advanced
polar,beginner
immutable,advanced
efficiency,beginner
prolong,intermediate
chagrin,advanced
onset,beginner
centurion,advanced
inflammation,beginner
gibe,advanced
evict,advanced
philately,advanced
malaria,intermediate
insignificance,advanced
gesticulate,advanced
non-combatant,advanced
grimace,advanced
fresco,advanced
amusement,beginner
acclaim,intermediate
intention,beginner
trident,intermediate
injunction,intermediate
classify,intermediate
entomology,advanced
sinister,intermediate
forehead,beginner
covenant,beginner
conservatism,intermediate
becalm,advanced
moralize,advanced
alteration,intermediate
osculate,advanced
eliminate,beginner
upturn,advanced
acquittal,advanced
obelisk,advanced
generality,advanced
migrant,beginner
yearling,advanced
satire,intermediate
aliment,advanced
dormant,intermediate
glorious,beginner
resent,intermediate
vie,intermediate
suspension,beginner
grisly,advanced
decisive,beginner
estimable,advanced
chancery,advanced
plural,intermediate
prolix,advanced
systematic,beginner
disburden,advanced
observant,advanced
inadvisable,advanced
disfavor,advanced
metal,beginner
mnemonics,advanced
alienation,intermediate
reparation,advanced
loathe,intermediate
consonant,advanced
misanthropic,advanced
inveterate,advanced
promissory,advanced
pique,advanced
eventual,beginner
evert,advanced
penalty,beginner
evasion,intermediate
equilibrium,intermediate
misnomer,advanced
aggregate,beginner
prediction,beginner
fitful,advanced
rote,advanced
wizen,advanced
analogous,intermediate
remonstrant,advanced
eligible,beginner
conferee,advanced
enlighten,intermediate
bristle,advanced
sanctimonious,advanced
stratum,advanced
monolith,advanced
recoil,intermediate
deist,advanced
denounce,intermediate
monologue,intermediate
brittle,intermediate
hydrometer,advanced
refractory,advanced
bevel,advanced
converge,intermediate
querulous,advanced
embezzle,advanced
recrudescence,advanced
visual,beginner
sinecure,advanced
bide,advanced
superintendence,advanced
disburse,advanced
slight,beginner
hoard,intermediate
alternative,beginner
efflorescent,advanced
refinery,intermediate
flagrant,advanced
vaccinate,advanced
naturally,beginner
demonstrative,advanced
vendible,advanced
dismount,advanced
intoxicate,advanced
boorish,advanced
loam,advanced
populous,intermediate
encomium,advanced
prot√©g√©,advanced
judicature,advanced
allude,advanced
foresail,advanced
exert,intermediate
mirage,intermediate
luxuriant,advanced
ultimate,beginner
diplomacy,beginner
Renaissance,beginner
parentage,advanced
confluence,intermediate
insistent,advanced
granule,advanced
aggression,beginner
nameless,intermediate
philanthropy,intermediate
latent,intermediate
madden,intermediate
inexperience,advanced
extenuate,advanced
exterior,beginner
hypnotic,intermediate
jovial,advanced
lexicography,advanced
upcast,advanced
nonentity,advanced
unsophisticated,advanced
Jingo,advanced
tacit,advanced
fabulous,beginner
synchronism,advanced
intimacy,intermediate
arrant,advanced
absurd,beginner
resurgent,advanced
blockade,intermediate
irreparable,advanced
spinster,advanced
emphasize,intermediate
hackney,intermediate
countryman,advanced
coxswain,advanced
fragile,beginner
contrive,advanced
excitable,advanced
papacy,advanced
preoccupy,advanced
granular,advanced
impetuosity,advanced
existence,beginner
stagnant,intermediate
fortify,advanced
linguistics,intermediate
suffuse,advanced
proscenium,advanced
heterogeneous,advanced
isochronous,advanced
tack,intermediate
secretive,intermediate
conducive,intermediate
saponaceous,advanced
coincident,advanced
rejuvenate,advanced
statecraft,advanced
overeat,advanced
satiric,advanced
hesitant,intermediate
execration,advanced
odorous,advanced
ladle,advanced
corroborate,advanced
memorable,beginner
submarine,beginner
mediate,intermediate
deign,advanced
bedeck,advanced
supplementary,intermediate
colossus,advanced
inconstant,advanced
censor,intermediate
liquefy,advanced
malcontent,advanced
forte,intermediate
aphorism,advanced
quiescence,advanced
dissension,advanced
annual,beginner
chameleon,intermediate
instantaneous,intermediate
fondle,advanced
sociable,advanced
mellifluous,advanced
philharmonic,intermediate
outpost,intermediate
precision,beginner
advert,intermediate
acrimonious,advanced
brigand,advanced
separable,advanced
cantonment,advanced
icily,advanced
extinct,intermediate
unsettle,advanced
profession,beginner
cadence,intermediate
incidence,intermediate
berth,intermediate
fracture,intermediate
dowry,intermediate
plenitude,advanced
insuppressible,advanced
dispensation,advanced
inbred,advanced
inundation,advanced
illiberal,advanced
acquittance,advanced
cosmetic,intermediate
frivolity,advanced
misplace,advanced
comprise,intermediate
belittle,advanced
census,beginner
vegetative,advanced
simultaneous,intermediate
minutia,advanced
powerless,intermediate
heartrending,advanced
arbitrary,beginner
anemometer,advanced
doublet,advanced
masonry,intermediate
tantamount,advanced
abnegate,advanced
anecdote,intermediate
contrivance,advanced
network,beginner
instructive,advanced
perforate,advanced
vicarious,advanced
similitude,advanced
cogent,advanced
fabricate,advanced
protuberate,advanced
fervid,advanced
nonpareil,advanced
distort,advanced
effuse,advanced
whimsical,intermediate
antechamber,advanced
diffidence,advanced
superfluous,advanced
biography,beginner
vitiate,advanced
precise,beginner
zealot,advanced
vacate,intermediate
epilogue,intermediate
onrush,advanced
testament,beginner
askance,advanced
temporal,intermediate
virago,advanced
well-doer,advanced
outburst,intermediate
deterrent,intermediate
cudgel,advanced
album,beginner
accession,intermediate
obligatory,intermediate
disunion,advanced
anagram,advanced
sacrifice,beginner
philogynist,advanced
vassal,advanced
kingship,advanced
abridge,advanced
squatter,advanced
jurisdiction,beginner
disquiet,advanced
scurrilous,advanced
obsolescence,advanced
heedless,advanced
fiasco,intermediate
amplitude,intermediate
patrician,advanced
distensible,advanced
cursory,advanced
sentinel,intermediate
coronation,intermediate
estuary,intermediate
heretic,advanced
hypodermic,advanced
rapine,advanced
rightful,intermediate
wile,advanced
noisy,intermediate
irreverence,advanced
bureaucracy,intermediate
pennant,advanced
soluble,intermediate
sensation,beginner
blemish,advanced
physique,intermediate
baleful,advanced
"neo-mortality,,,,,,",intermediate
prurient,advanced
kiln,intermediate
angular,intermediate
junction,beginner
sarcophagus,advanced
comparative,beginner
hindrance,advanced
agile,intermediate
abscission,advanced
credulous,advanced
contagious,intermediate
position,beginner
biennial,intermediate
confidant,advanced
anthracite,advanced
personage,advanced
intestine,intermediate
disavow,advanced
bravado,advanced
grandiloquent,advanced
likelihood,beginner
expectancy,intermediate
culpable,advanced
able-bodied,intermediate
bask,advanced
annex,intermediate
overpower,advanced
rampart,advanced
disservice,advanced
promulgate,advanced
inseparable,intermediate
portfolio,beginner
hideous,intermediate
grievance,intermediate
deformity,advanced
propeller,intermediate
breech,advanced
overdose,intermediate
connive,advanced
endanger,intermediate
brogan,advanced
coercive,advanced
municipality,intermediate
collier,intermediate
forejudge,advanced
nunnery,advanced
gyrate,advanced
sergeant,beginner
allusion,advanced
crevasse,advanced
prima,intermediate
pentagram,advanced
culinary,intermediate
anemic,advanced
refute,intermediate
accusatory,advanced
confinement,intermediate
cadenza,advanced
divulge,advanced
accursed,advanced
transience,advanced
lithe,advanced
ravine,intermediate
defray,advanced
assets,beginner
impudence,advanced
bleak,intermediate
incipient,advanced
spheroid,advanced
beset,advanced
voluble,advanced
compliant,intermediate
repress,advanced
magisterial,advanced
impeccable,intermediate
secant,advanced
trenchant,advanced
pillage,advanced
anthropomorphous,advanced
dubious,intermediate
didactic,advanced
excellent,beginner
convene,advanced
assonant,advanced
unaffected,intermediate
degenerate,intermediate
treachery,intermediate
reinstate,advanced
exuberant,advanced
improvise,advanced
unwise,advanced
peripatetic,advanced
rejoin,intermediate
wrangle,advanced
glazier,advanced
usurious,advanced
corruption,beginner
provocation,intermediate
revile,advanced
ludicrous,intermediate
taut,advanced
prelacy,advanced
perambulate,advanced
overreach,advanced
irradiate,advanced
epizootic,advanced
utility,beginner
tarnish,advanced
jocular,advanced
intestacy,advanced
conspicuous,intermediate
biped,advanced
extort,advanced
darkling,advanced
metric,beginner
valid,beginner
lying,beginner
expatriate,advanced
paralyze,advanced
paly,advanced
preponderate,advanced
hybrid,beginner
leeward,advanced
chaos,beginner
lingo,advanced
divination,advanced
entreaty,advanced
insufficient,beginner
deviltry,advanced
reseat,advanced
pedigree,intermediate
playful,intermediate
accessory,intermediate
influx,intermediate
arboriculture,advanced
artifice,advanced
surety,advanced
gastritis,advanced
belate,advanced
collector,beginner
rabid,intermediate
stimulus,beginner
courser,advanced
deposition,intermediate
dentifrice,advanced
archaism,advanced
birthright,advanced
recede,advanced
alacrity,advanced
minion,advanced
corpulent,advanced
restitution,intermediate
inglorious,advanced
solicitude,advanced
aye,beginner
solace,intermediate
streamlet,advanced
naphtha,advanced
qualification,beginner
balsam,advanced
navel,advanced
quarter,beginner
divest,advanced
conductible,advanced
adjacency,advanced
remembrance,intermediate
emergent,intermediate
safeguard,intermediate
exhaustive,intermediate
impious,advanced
neglectful,advanced
diurnal,advanced
accompany,beginner
precipitate,advanced
artful,advanced
acidify,advanced
galore,intermediate
sterling,beginner
litigant,advanced
retrospective,intermediate
peerage,advanced
intolerable,intermediate
narration,intermediate
illusory,advanced
ignominious,advanced
unfavorable,intermediate
infamy,advanced
advent,intermediate
narrow-minded,beginner
pact,beginner
statuette,advanced
renovate,advanced
unbearable,intermediate
abject,advanced
fathom,intermediate
intolerant,intermediate
exorbitance,advanced
originate,intermediate
animosity,intermediate
idiosyncrasy,advanced
prohibition,beginner
intromit,advanced
overpass,advanced
contumacy,advanced
spontaneous,intermediate
pendulum,intermediate
oblique,intermediate
packet,beginner
precedential,advanced
specialize,intermediate
misrule,advanced
annunciation,advanced
obliterate,advanced
incessant,advanced
expend,advanced
maxim,intermediate
lifetime,beginner
supercilious,advanced
forerun,advanced
sphericity,advanced
pendulous,advanced
armful,advanced
telepathy,advanced
supplicate,advanced
novice,intermediate
supernumerary,advanced
reprieve,advanced
insignificant,intermediate
tranquility,advanced
parse,advanced
ravage,advanced
militate,advanced
accede,advanced
wry,advanced
privilege,beginner
further,beginner
inwardly,advanced
daring,intermediate
cornucopia,advanced
appertain,advanced
sequence,beginner
conformable,advanced
dilapidated,advanced
bore,beginner
canary,intermediate
maniac,intermediate
episode,beginner
punctilious,advanced
festive,intermediate
penurious,advanced
supplicant,advanced
cantata,advanced
datum,advanced
recognize,beginner
litigate,advanced
festal,advanced
mimic,intermediate
trebly,advanced
lunar,beginner
subjugate,advanced
ductile,advanced
forgery,intermediate
prefer,beginner
preamble,advanced
disrupt,intermediate
maintenance,beginner
effeminate,advanced
necessitate,advanced
prudence,advanced
regality,advanced
dialectician,advanced
laudation,advanced
fanatic,intermediate
repugnant,advanced
expostulate,advanced
indomitable,advanced
deify,advanced
enkindle,advanced
supernatural,beginner
Titanic,intermediate
stanchion,advanced
embarrass,intermediate
menace,intermediate
umbrage,advanced
sebaceous,advanced
magnet,beginner
dauntless,advanced
choral,intermediate
poignant,intermediate
absolution,advanced
employee,beginner
competitor,beginner
decamp,advanced
dissolve,intermediate
ennoble,advanced
violoncello,advanced
appreciable,advanced
permeate,advanced
carouse,advanced
desultory,advanced
succumb,advanced
mannerism,advanced
duet,intermediate
salience,advanced
extradite,advanced
terse,advanced
repository,intermediate
medicine,beginner
ramose,advanced
quibble,advanced
proportionate,advanced
congenial,advanced
tiresome,advanced
efficacy,intermediate
itinerant,advanced
repellent,advanced
disillusion,advanced
meliorate,advanced
reflexible,advanced
lifelike,advanced
commissariat,advanced
diffusible,advanced
maltreat,advanced
overpay,advanced
persist,intermediate
influence,beginner
linguist,advanced
landlord,beginner
potential,beginner
transfer,beginner
generally,beginner
legible,advanced
material,beginner
loquacious,advanced
feudalism,advanced
translucence,advanced
misbehavior,advanced
cygnet,advanced
external,beginner
writhe,advanced
ardor,advanced
conjecture,intermediate
luminescent,advanced
paleontology,advanced
confederacy,intermediate
exemplary,intermediate
invalid,beginner
conveyance,advanced
frontier,beginner
liberate,intermediate
hirsute,advanced
peddle,advanced
repeal,beginner
perversion,advanced
recline,advanced
buffoonery,advanced
acquisition,beginner
habitual,intermediate
imperturbable,advanced
dissection,advanced
append,advanced
disclaim,advanced
uproot,advanced
natal,intermediate
posterior,intermediate
metaphor,beginner
disagree,beginner
quiescent,advanced
onus,advanced
confiscate,advanced
permissible,intermediate
finesse,intermediate
emphatic,advanced
transcript,intermediate
crustaceous,advanced
skeptic,advanced
azalea,advanced
reconnoiter,advanced
benefice,advanced
tincture,advanced
gestation,advanced
stationary,intermediate
protrusion,advanced
inquire,intermediate
denouement,advanced
sibilant,advanced
persuadable,advanced
insidious,intermediate
enmity,advanced
deity,intermediate
socialist,beginner
plasticity,advanced
affront,advanced
colloquialism,advanced
instance,beginner
intricacy,advanced
rapt,advanced
animadversion,advanced
perjury,intermediate
mercantile,intermediate
antiquate,advanced
discipline,beginner
cursive,advanced
foot-note,beginner
invariable,advanced
reverent,advanced
judicious,advanced
extravagant,intermediate
visage,advanced
Milky,intermediate
ramify,advanced
imitation,intermediate
antilogy,advanced
devout,intermediate
junta,intermediate
cameo,intermediate
reversion,advanced
exceed,beginner
guile,advanced
specious,advanced
intervene,intermediate
transmit,intermediate
solstice,intermediate
statute,beginner
dissipation,advanced
vocative,advanced
commingle,advanced
Stoicism,advanced
sisterhood,advanced
frailty,advanced
pollen,intermediate
repudiate,advanced
equivocal,advanced
acreage,advanced
impatience,advanced
orator,advanced
impulsive,intermediate
outcry,intermediate
votary,advanced
incomplete,beginner
unconscious,beginner
longevity,intermediate
inchoate,advanced
delectation,advanced
redound,advanced
distrainor,advanced
salvage,intermediate
instigate,advanced
subtrahend,advanced
characteristic,beginner
Catholicism,intermediate
reestablish,advanced
exonerate,advanced
cull,advanced
bibliomania,advanced
syllabic,advanced
undergarment,advanced
belle,beginner
vigilance,intermediate
disobedient,advanced
messieurs,advanced
expectorate,advanced
console,beginner
autonomy,beginner
ampere,advanced
caitiff,advanced
definite,beginner
triplicate,advanced
extol,advanced
semiannual,advanced
sentient,intermediate
docile,advanced
dissatisfy,advanced
bewilder,advanced
wittingly,advanced
conceive,intermediate
posse,intermediate
discomfit,advanced
unguent,advanced
cosmogony,advanced
sleight,advanced
intrude,advanced
well-bred,beginner
indolence,advanced
mouthful,advanced
muddle,advanced
steppe,advanced
facial,beginner
sinuosity,advanced
quite,beginner
cajole,advanced
decency,intermediate
obesity,beginner
actuary,advanced
rein,intermediate
displace,advanced
severance,intermediate
transfuse,advanced
juridical,advanced
contingency,intermediate
recreant,advanced
effective,beginner
siren,intermediate
emporium,advanced
monstrosity,advanced
privity,advanced
revere,advanced
effervescent,advanced
Martian,intermediate
shuffle,intermediate
selective,beginner
scintilla,advanced
deponent,advanced
resistive,advanced
zephyr,advanced
retroactive,advanced
eccentric,intermediate
exit,beginner
discredit,intermediate
separatist,intermediate
benevolent,intermediate
pretension,advanced
aspire,intermediate
pedagogics,advanced
arrogate,advanced
surcharge,intermediate
diverse,beginner
prelate,advanced
inconceivable,advanced
vogue,intermediate
monsieur,intermediate
repentance,intermediate
missile,beginner
specter,advanced
excursion,intermediate
Supernatural,beginner
viceroy,advanced
reminiscence,advanced
conquer,beginner
prodigal,advanced
collegian,advanced
reclaim,intermediate
recapture,intermediate
irritant,advanced
Parisian,intermediate
liquidate,advanced
gastronomy,advanced
paramount,beginner
repel,intermediate
ill-natured,advanced
mockery,intermediate
readjust,advanced
trivial,intermediate
knight,beginner
pentathlon,advanced
reluctant,beginner
viola,intermediate
auriferous,advanced
psychic,beginner
archaeology,intermediate
lactic,advanced
unyoke,advanced
oblong,advanced
zodiac,intermediate
seduce,intermediate
immeasurable,advanced
truculence,advanced
dissonance,advanced
contuse,advanced
commute,intermediate
deluge,advanced
badger,intermediate
twinge,advanced
coagulate,advanced
scuttle,advanced
aqueduct,advanced
possessive,intermediate
proclamation,intermediate
bric-a-brac,advanced
cession,advanced
privy,intermediate
coronet,advanced
dragoon,advanced
panorama,intermediate
intermittent,intermediate
submittal,advanced
hale,intermediate
inept,intermediate
monograph,intermediate
convulsion,advanced
transcontinental,advanced
oratory,advanced
technique,beginner
variance,intermediate
conformance,advanced
polygon,advanced
altitude,beginner
inborn,advanced
thrall,advanced
inlet,intermediate
deviate,advanced
bibliography,beginner
juicy,intermediate
curtail,advanced
descendent,advanced
infinite,beginner
rebellious,intermediate
disinterested,advanced
sanguinary,advanced
queue,beginner
dialogue,beginner
bawl,advanced
administrator,beginner
temporary,beginner
bureau,beginner
sparse,intermediate
homage,intermediate
generosity,intermediate
upbraid,advanced
coerce,advanced
malignant,intermediate
mettlesome,advanced
extradition,intermediate
persecution,beginner
inexorable,advanced
juvenile,beginner
excess,beginner
homonym,advanced
pyre,advanced
ache,intermediate
avert,intermediate
prevalence,intermediate
default,beginner
duckling,advanced
brokerage,intermediate
languid,advanced
rotary,intermediate
degeneracy,advanced
marvel,beginner
acknowledge,beginner
actuate,advanced
midwife,intermediate
pageant,intermediate
apostle,intermediate
pious,intermediate
magician,intermediate
reluctance,intermediate
notorious,beginner
projection,beginner
sequacious,advanced
laureate,intermediate
efflorescence,advanced
sycophant,advanced
ossify,advanced
archetype,advanced
propagate,advanced
inherence,advanced
ebullient,advanced
idealize,advanced
embolism,advanced
vinery,advanced
valorous,advanced
corporeal,advanced
germane,advanced
counterbalance,advanced
sonorous,advanced
employer,beginner
integrity,beginner
fealty,advanced
luxuriance,advanced
metempsychosis,advanced
animadvert,advanced
omniscient,advanced
rebuff,advanced
aristocrat,advanced
patriarch,intermediate
culvert,advanced
secrecy,intermediate
officious,advanced
altruism,advanced
exhaust,beginner
apotheosis,advanced
tremendous,beginner
mandate,beginner
caret,advanced
ordeal,intermediate
statistician,advanced
placate,advanced
actionable,advanced
corrosion,intermediate
seminar,beginner
interrogatory,advanced
chromatic,advanced
seminary,intermediate
violation,beginner
crag,advanced
docket,advanced
opponent,beginner
variant,beginner
complement,beginner
latish,advanced
appease,intermediate
gamut,advanced
humiliate,advanced
ruth,beginner
disappoint,intermediate
vitalize,advanced
reciprocate,advanced
habitant,advanced
exempt,beginner
impulsion,advanced
abdomen,intermediate
genealogist,advanced
benignant,advanced
enamor,advanced
imperil,advanced
defame,advanced
oculist,advanced
hypotenuse,advanced
desiccant,advanced
deface,advanced
curtsy,advanced
leonine,advanced
cower,advanced
ascetic,advanced
evade,intermediate
assassin,intermediate
divert,intermediate
contemporary,beginner
abrupt,intermediate
humanitarian,beginner
recover,beginner
procrastinate,advanced
convoy,intermediate
reticent,advanced
tremor,advanced
pedant,advanced
botany,intermediate
jargon,intermediate
contributor,beginner
pacify,advanced
capillary,advanced
covey,advanced
complication,intermediate
enlist,intermediate
theorize,advanced
contumacious,advanced
profligate,advanced
nugatory,advanced
azure,intermediate
perfumery,advanced
pedal,intermediate
abbot,intermediate
acid,beginner
mitigate,intermediate
variegate,advanced
affiliate,beginner
outlaw,intermediate
disallow,advanced
impermissible,advanced
infallible,advanced
vendor,beginner
absence,beginner
alien,beginner
supplant,advanced
receptive,intermediate
monastery,intermediate
effulgence,advanced
microscopic,intermediate
rookery,advanced
decasyllable,advanced
nonchalance,advanced
quiet,beginner
punitive,intermediate
perception,beginner
caustic,advanced
determinate,advanced
Nemesis,intermediate
pomposity,advanced
abomination,intermediate
magnanimous,advanced
immovable,advanced
indulgent,advanced
loneliness,intermediate
transverse,intermediate
polygamy,advanced
timbre,advanced
vindicative,advanced
importation,advanced
iconoclast,advanced
generalize,advanced
man-trap,beginner
keepsake,advanced
incompetence,intermediate
stellar,beginner
cessation,intermediate
explode,beginner
trepidation,advanced
condensation,intermediate
truism,advanced
misrepresent,advanced
spectator,intermediate
lattice,intermediate
perfectible,advanced
out-of-the-way,beginner
ostentation,advanced
sonnet,advanced
forefather,advanced
vegetation,beginner
lascivious,advanced
accompaniment,intermediate
diffusion,intermediate
demonstrator,advanced
clearance,beginner
iridescent,advanced
carnivorous,advanced
commission,beginner
noisome,advanced
acetic,advanced
transferee,advanced
forebode,advanced
opalescence,advanced
iota,advanced
ascribe,advanced
abstruse,advanced
corrigible,advanced
verify,beginner
distention,advanced
parish,beginner
decoy,advanced
transient,intermediate
vulgarity,advanced
preordain,advanced
ruminant,advanced
overthrow,intermediate
tractable,advanced
subordinate,intermediate
unlawful,beginner
geniality,advanced
propellant,advanced
rigorous,intermediate
extrajudicial,advanced
avalanche,intermediate
eminent,intermediate
microscope,intermediate
narrate,advanced
resilient,intermediate
gravity,beginner
chastise,advanced
naval,beginner
synopsis,intermediate
henpeck,advanced
battalion,beginner
forth,beginner
shrivel,advanced
gauge,beginner
requisite,intermediate
palette,beginner
preservation,beginner
venerate,advanced
execrable,advanced
gourd,advanced
tendency,beginner
incomparable,advanced
precipitant,advanced
fetus,intermediate
conjunction,beginner
equitable,intermediate
Achillean,advanced
odium,advanced
necrosis,advanced
termagant,advanced
contemplate,intermediate
asperity,advanced
compulsion,intermediate
massacre,beginner
modish,advanced
pauper,advanced
alcohol,beginner
modulate,advanced
venal,advanced
exhaustible,advanced
inception,intermediate
deprave,advanced
licentious,advanced
abominable,advanced
susceptible,intermediate
baize,advanced
retention,beginner
counterpart,intermediate
adverse,beginner
tutorship,advanced
retract,advanced
electrotype,advanced
Omnipotent,advanced
anode,advanced
discard,intermediate
perhaps,beginner
invoke,intermediate
recessive,advanced
anemia,intermediate
predominate,advanced
constrict,advanced
perfunctory,advanced
tripod,intermediate
soothsayer,advanced
epiphany,intermediate
fictitious,intermediate
beau,intermediate
trait,intermediate
static,beginner
panoply,advanced
puerile,advanced
imperfectible,advanced
reliquary,advanced
isothermal,advanced
presumption,intermediate
venerable,intermediate
donor,beginner
dominant,beginner
cataract,advanced
bilingual,intermediate
imperative,intermediate
came,beginner
recourse,intermediate
novellette,advanced
mediocre,intermediate
ligneous,advanced
diagnosis,beginner
acquire,beginner
parliament,beginner
purport,advanced
accessible,beginner
enthrall,advanced
mobocracy,advanced
antecede,advanced
relevant,beginner
subvert,advanced
bungle,advanced
insurgent,intermediate
irk,advanced
felony,beginner
overleap,advanced
puissant,advanced
arboretum,advanced
mercenary,intermediate
perpendicular,intermediate
occult,intermediate
convenience,beginner
impersonate,advanced
perspire,advanced
excitation,advanced
transmissible,advanced
exuberance,advanced
protection,beginner
lingual,advanced
deter,intermediate
uppermost,advanced
impiety,advanced
lave,advanced
left-handed,beginner
cauterize,advanced
convalesce,advanced
logician,advanced
irradiance,advanced
overtone,advanced
defamation,intermediate
urbanity,advanced
providential,advanced
gradient,intermediate
remodel,advanced
jeopardize,intermediate
squalid,advanced
bereave,advanced
capacious,advanced
circumscribe,advanced
dogmatize,advanced
paroxysm,advanced
Hibernian,advanced
outskirt,advanced
outstretch,advanced
outstrip,advanced
metallurgy,advanced
collapsible,advanced
delude,advanced
scintillate,advanced
antipathize,advanced
countercharge,advanced
equivalent,beginner
rampant,intermediate
prudery,advanced
foreign,beginner
interact,beginner
massive,beginner
elusion,advanced
machinery,beginner
kiloliter,advanced
antagonism,advanced
carnage,intermediate
instigator,advanced
automaton,advanced
retch,advanced
somnolent,advanced
ingenuity,intermediate
engross,advanced
navigate,intermediate
subsequent,beginner
confidence,beginner
revelation,beginner
deject,advanced
sidereal,advanced
objective,beginner
grief,beginner
occasion,beginner
wampum,advanced
autonomous,beginner
mischievous,intermediate
modernize,advanced
edible,intermediate
unique,beginner
introversion,advanced
resonate,intermediate
plaudit,advanced
accuracy,beginner
aspirant,advanced
nefarious,advanced
linear,beginner
insular,advanced
glacier,intermediate
indistinct,advanced
advocacy,beginner
eulogy,advanced
ire,intermediate
riddance,advanced
hypnosis,intermediate
venereal,advanced
ingratitude,advanced
appropriate,beginner
undercharge,advanced
afoot,advanced
superannuate,advanced
alias,intermediate
decagon,advanced
vernacular,intermediate
bodice,advanced
maleficent,advanced
receivable,advanced
conscientious,intermediate
territorial,beginner
coagulant,advanced
millet,advanced
moribund,advanced
piteous,advanced
magnificent,beginner
migratory,intermediate
presentment,advanced
congest,advanced
inexplicable,intermediate
profile,beginner
diabolic,advanced
batter,intermediate
torturous,advanced
alto,intermediate
preeminence,advanced
petulant,advanced
whereabouts,intermediate
mechanics,beginner
insurgence,advanced
frightful,advanced
ingredient,beginner
partition,intermediate
philosophize,advanced
tactics,beginner
equestrian,intermediate
deride,advanced
befriend,advanced
insinuate,advanced
metropolitan,beginner
inconsistent,beginner
stringency,advanced
rhetoric,beginner
dissimilar,advanced
defalcate,advanced
bursar,advanced
distrust,intermediate
consignor,advanced
underhanded,advanced
ordination,intermediate
earthenware,advanced
logic,beginner
decimate,advanced
outright,beginner
negate,advanced
needy,intermediate
coincide,intermediate
dominance,beginner
olfactory,advanced
qualify,beginner
extensible,advanced
devious,advanced
difference,beginner
treble,intermediate
ensnare,advanced
bountiful,advanced
poetic,intermediate
overrun,intermediate
prehension,advanced
garrulous,advanced
pledgee,advanced
scribe,advanced
intoxicant,advanced
oversee,intermediate
pastoral,intermediate
ferocious,intermediate
brethren,intermediate
annuity,intermediate
velocity,beginner
profiteer,advanced
ambrosial,advanced
legitimacy,intermediate
invigorate,advanced
affluence,advanced
bacterium,advanced
alley,beginner
antislavery,advanced
brazier,advanced
ambush,intermediate
acquiesce,advanced
acquiescence,advanced
